time_min,feed_in_Lh,feed_out_Lh,draw_cond_mScm,feed_cond_mScm,draw_temp_C,feed_temp_C,RO_TMP_bar,FO_TMP_bar,Jw
7.504975,264.7299,210.1139,66.2143,25.4937,24.3618,20.312,49.1856,0.0411,3.9576811594202885
8.007483333333333,217.3267,158.2044,66.3154,27.0197,24.4297,20.1299,48.56895,0.0634,4.284224637681159
8.506663333333334,389.229,322.717,65.393,29.8208,24.5312,20.4263,49.0546,0.1245,4.819710144927536
9.006675,281.8439,230.1341,64.701,25.3463,24.5879,20.6997,48.349199999999996,0.0817,3.7470869565217413
9.50915,426.5093,380.1743,64.9661,25.6117,24.5991,20.8706,48.186800000000005,0.1373,3.3576086956521722
10.008313333333332,292.9031,257.4402,65.4127,25.4073,24.5991,21.0757,48.603049999999996,0.0675,2.5697753623188397
10.508326666666667,397.0291,348.7192,65.7199,26.2021,24.5879,21.2808,48.7879,0.1143,3.5007173913043497
11.009136666666667,307.1757,265.476,65.9113,25.6423,24.5991,21.4746,48.425399999999996,0.0805,3.0217173913043482
11.509998333333334,410.1728,369.0664,66.0191,23.7546,24.6104,21.623,48.81095,0.1193,2.97872463768116
12.009145,293.6916,244.8629,66.1076,26.192,24.6216,21.7598,48.85205,0.0812,3.538311594202898
12.507476666666667,352.5604,318.4617,66.1517,24.8946,24.6328,21.9648,49.04175,0.1069,2.470920289855073
13.011664999999999,311.3458,269.3267,66.1464,26.0707,24.6553,22.0791,48.20215,0.1004,3.044862318840578
13.510811666666665,397.4648,359.1227,66.1111,23.6864,24.6665,22.25,49.04805,0.1139,2.778413043478262
14.010806666666667,307.7035,262.8585,66.0489,26.0327,24.6895,22.3979,48.78035,0.0801,3.249637681159422
14.50834,403.5745,365.0267,65.9995,24.1615,24.7007,22.5806,48.52445,0.11,2.7933188405797096
15.012513333333334,323.7305,282.6774,65.9672,25.6988,24.7231,22.6831,48.561,0.0937,2.974862318840582
15.511643333333334,398.2441,353.5814,65.9234,24.8584,24.7344,22.8311,49.0527,0.1237,3.236427536231886
16.011638333333334,529.5331,481.8202,65.8761,21.0156,24.7568,22.9224,48.714,0.1686,3.4574565217391298
16.510818333333333,461.2532,408.7504,65.8398,22.6149,24.7686,23.0361,48.51165,0.0976,3.8045507246376795
17.013326666666668,400.9912,345.4189,65.8028,24.4585,24.7798,23.0591,48.85365,0.065,4.026978260869564
17.511658333333333,383.1908,326.3298,65.7867,25.8788,24.8022,23.082,49.05745,0.0539,4.1203623188405825
18.014166666666664,357.5334,303.4307,65.7561,26.4748,24.8135,23.1162,48.4751,0.0377,3.9204855072463745
18.513313333333333,363.8744,307.5903,65.7428,26.7213,24.8359,23.1733,48.59055,0.0318,4.07855797101449
19.013325000000002,360.1852,306.3942,65.7249,26.8202,24.8584,23.2417,48.61575,0.0293,3.897898550724637
19.51581666666667,352.8723,299.3623,65.6959,27.0302,24.8813,23.3101,48.411199999999994,0.0225,3.877536231884057
20.014979999999998,351.2371,297.9979,65.6886,27.3712,24.9038,23.3784,48.82825,0.019,3.8579130434782596
20.514143333333333,351.0751,297.974,65.6764,27.4432,24.915,23.4468,48.96615,0.0181,3.8479057971014514
21.014223333333334,351.1317,298.212,65.6698,27.6546,24.9487,23.5039,49.0497,0.018,3.8347608695652196
21.516648333333332,351.6731,298.8558,65.6328,27.7745,24.9604,23.5605,48.6794,0.0172,3.827340579710144
22.015811666666664,349.5006,296.9012,65.5886,27.8846,24.9941,23.6289,48.91995,0.0157,3.811550724637681
22.515823333333334,350.289,297.9676,65.5549,28.1239,25.0166,23.686,48.9249,0.0143,3.7914057971014477
23.016651666666668,350.386,298.484,65.5235,28.204,25.0391,23.7432,48.2228,0.0125,3.761014492753626
23.517495,350.8929,298.6987,65.5054,28.4745,25.062,23.8003,48.78005,0.0136,3.782188405797103
24.018306666666668,351.6788,299.4937,65.4681,28.4929,25.0845,23.8457,48.3591,0.0134,3.7815289855072485
24.516638333333333,349.3423,298.0301,65.4103,28.6271,25.1069,23.9028,49.365899999999996,0.0112,3.718275362318842
25.019161666666665,350.3388,298.5828,65.3938,28.8306,25.1294,23.9482,48.694500000000005,0.0114,3.7504347826086932
25.516645,350.2274,298.9816,65.3723,28.8483,25.1636,24.0054,49.08955,0.0109,3.71346376811594
26.01664,350.7052,299.4152,65.3487,29.0935,25.1973,24.062,48.5412,0.0117,3.7166666666666637
26.51914833333333,351.3237,299.6777,65.3301,29.2302,25.2197,24.1191,48.61035,0.0123,3.7424637681159387
27.018328333333333,350.4517,299.0074,65.2873,29.2323,25.2427,24.165,49.398399999999995,0.0117,3.7278478260869563
27.514979999999998,349.7861,299.2613,65.2488,29.5365,25.2651,24.2217,48.6179,0.0097,3.6612173913043455
28.02081666666667,349.8844,299.6793,65.2259,29.6452,25.2988,24.2676,49.266549999999995,0.0094,3.638050724637682
28.52166,349.0546,298.6063,65.1967,29.8224,25.3213,24.313,49.1244,0.0088,3.655673913043479
29.020806666666665,350.3759,300.1469,65.1671,29.8938,25.3555,24.3584,48.831649999999996,0.0099,3.639782608695651
29.52082,349.0865,298.5371,65.1186,30.0536,25.3892,24.4043,48.74079999999999,0.0084,3.6629999999999994
30.021646666666665,350.6471,301.2696,65.082,30.1075,25.4116,24.4497,48.87885,0.0101,3.578079710144927
30.520809999999997,350.4456,300.1452,65.0637,30.225,25.4346,24.4956,48.72475,0.0095,3.644956521739132
31.020823333333333,347.3334,290.6684,65.0434,30.4484,25.4683,24.5522,48.597350000000006,0.0068,4.106159420289853
31.52165,346.5937,298.5113,65.0344,31.003,25.4907,24.5864,48.7719,0.0087,3.484231884057971
32.02081333333334,349.4403,300.5296,64.9972,31.3439,25.5249,24.6323,48.6887,0.01,3.544253623188403
32.523305,349.5525,301.1127,64.9726,31.2585,25.5586,24.6665,48.3166,0.0099,3.510130434782608
33.021636666666666,349.3931,301.1819,64.9489,31.1539,25.5811,24.689,48.457899999999995,0.009,3.4935652173913057
33.524145,351.1691,302.6444,64.93,31.3882,25.6152,24.7231,49.00685,0.01,3.5162826086956516
34.023325,353.4135,299.4548,64.9727,31.5102,25.6377,24.769,48.524950000000004,0.0059,3.9100507246376823
34.52332,350.7574,293.1234,64.973,28.8459,25.6714,24.8032,48.829750000000004,0.0047,4.176376811594204
35.02581166666666,348.3874,294.6312,64.9811,27.0015,25.6938,24.8262,48.5535,0.0053,3.8953768115942053
35.524975000000005,350.6501,298.0103,64.9709,28.1417,25.7393,24.7573,48.888850000000005,0.0077,3.8144782608695675
36.025819999999996,350.2444,297.4296,64.9437,28.9645,25.7617,24.7119,49.208650000000006,0.0065,3.827159420289854
36.525814999999994,349.2276,295.6948,64.9212,29.0147,25.7954,24.7231,48.7188,0.0066,3.879188405797102
37.024995,349.7769,296.2942,64.8867,28.8588,25.8296,24.769,48.69965,0.0073,3.8755579710144943
37.524143333333335,350.6593,297.5047,64.8813,28.9714,25.8521,24.8145,48.09465,0.0064,3.851782608695649
38.024155,350.1398,296.9593,64.8587,29.1115,25.8745,24.8716,48.85645,0.0049,3.8536594202898544
38.52666333333333,349.4801,296.2032,64.847,29.3165,25.9087,24.917,48.36815,0.0068,3.8606449275362325
39.02582666666667,349.9504,296.5638,64.8305,29.397,25.9424,24.9629,48.95105,0.0058,3.8685942028985494
39.52663666666667,350.3253,297.0644,64.7943,29.5204,25.9648,24.9971,48.2199,0.0059,3.8594855072463803
40.02831333333334,349.1119,297.1065,64.7642,29.5995,25.9878,25.0312,48.6686,0.0053,3.768507246376812
40.52581333333333,350.6547,298.337,64.7178,29.7657,26.0215,25.0767,48.597449999999995,0.0055,3.7911376811594204
41.02580833333333,352.0548,299.5244,64.7001,29.8281,26.0439,25.1221,48.74355,0.0067,3.8065507246376797
41.52663666666667,349.5722,297.6054,64.6794,29.8919,26.0776,25.1562,48.4982,0.0046,3.7657101449275387
42.029145,348.1542,296.4912,64.6502,30.0194,26.1006,25.2021,48.93755,0.0044,3.7436956521739138
42.52664333333333,353.0297,300.9135,64.6384,30.2019,26.1343,25.2363,48.7577,0.0076,3.7765362318840574
43.02832,348.773,296.8885,64.6247,30.2675,26.168,25.2817,48.717699999999994,0.0036,3.759746376811594
43.52748333333333,349.6499,298.2781,64.5818,30.4457,26.1909,25.3159,48.42985,0.0045,3.7225942028985513
44.029975,349.496,298.173,64.5766,30.4906,26.2134,25.3501,49.24695,0.0041,3.719057971014491
44.529138333333336,349.8881,298.4358,64.5462,30.6579,26.2471,25.3843,48.5517,0.0053,3.7284275362318864
45.030815,351.403,300.0363,64.5239,30.6191,26.27,25.4302,48.897450000000006,0.0048,3.722224637681162
45.528348333333334,349.2962,298.0162,64.5101,30.7794,26.3037,25.4644,48.59305,0.0053,3.715942028985505
46.03080666666666,350.7908,299.7338,64.4881,30.9006,26.3149,25.4985,49.258,0.0056,3.6997826086956533
46.529136666666666,350.2912,299.1442,64.4879,30.9579,26.3486,25.5327,48.572050000000004,0.004,3.706304347826086
47.031645000000005,350.5463,299.5284,64.4681,31.1434,26.3716,25.5669,49.23025,0.0054,3.6969492753623183
47.529145,352.4293,300.781,64.4307,31.283,26.4053,25.6123,48.961650000000006,0.0072,3.742630434782609
48.03080666666666,347.898,298.2368,64.4131,31.2732,26.4277,25.6465,48.9961,0.0047,3.5986376811594205
48.525803333333336,352.1103,301.0723,64.3934,31.4354,26.4619,25.6807,49.1588,0.0058,3.69840579710145
49.03082166666666,347.7599,296.9275,64.3792,31.4736,26.4844,25.7148,48.7193,0.0061,3.683507246376812
49.52915666666667,345.3008,295.063,64.3783,31.5665,26.5181,25.749,48.82295,0.0039,3.6404202898550717
50.03332833333333,350.7785,300.4294,64.3634,31.6507,26.5522,25.7832,49.15015,0.0036,3.648485507246378
50.532484999999994,346.9049,296.9978,64.3478,31.6217,26.5747,25.8062,48.59385,0.0034,3.6164565217391313
51.03081666666667,350.8334,300.5407,64.3262,31.7726,26.6084,25.8516,48.9721,0.0071,3.644398550724635
51.531643333333335,351.2477,300.4709,64.3167,31.8469,26.6309,25.8862,48.57055,0.0055,3.6794782608695678
52.03248833333334,352.478,301.9999,64.3089,31.8613,26.6538,25.9204,48.7018,0.006,3.657833333333332
52.533315,350.2438,300.1565,64.283,31.9848,26.6875,25.9546,48.8293,0.0049,3.629514492753625
53.031675,351.3634,300.6746,64.2682,32.0538,26.7212,25.9888,49.1285,0.0072,3.673101449275363
53.53248,354.3025,299.7357,64.2666,32.0914,26.7441,26.0229,48.71255,0.0054,3.9541159420289853
54.033339999999995,354.5361,294.8894,64.2458,30.08,26.7666,26.0454,48.884699999999995,0.0032,4.322224637681156
54.534168333333334,348.016,293.163,64.2545,26.9166,26.8003,26.0571,49.007149999999996,0.0028,3.9748550724637686
55.03581,349.4709,295.0888,64.2504,28.2355,26.8345,25.9771,48.8527,0.0024,3.9407318840579695
55.53332666666667,351.8754,297.7298,64.2162,29.2076,26.8682,25.8745,48.455,0.0026,3.9235942028985504
56.03413833333333,354.4744,298.2988,64.2047,29.444,26.9019,25.8403,48.6799,0.0044,4.070695652173911
56.53416666666667,345.8482,290.1517,64.1867,29.1434,26.9248,25.8633,48.1789,-0.0005,4.035978260869566
57.036658333333335,348.6835,293.3217,64.1772,29.3102,26.9585,25.9204,48.630700000000004,0.0002,4.011724637681156
57.53414166666666,353.5389,298.2786,64.151,29.414,26.9697,25.9658,48.78555,0.0051,4.004369565217393
58.03581666666666,348.0227,292.9896,64.1451,29.5714,27.0034,26.0,49.4028,0.0028,3.9879057971014484
58.536645,348.7123,293.7337,64.1447,29.7344,27.0264,26.0454,48.83754999999999,0.0031,3.9839565217391324
59.035825,350.0341,294.9904,64.127,29.8259,27.0601,26.0796,49.44945,0.0044,3.988673913043478
59.53831666666667,349.4775,293.7818,64.1209,29.9153,27.0825,26.1138,48.72185,0.003,4.035920289855076
60.03832833333333,349.4237,295.0237,64.0921,30.0862,27.1167,26.1479,48.499399999999994,0.0027,3.9420289855072443
60.53749166666667,348.838,294.2797,64.0585,30.127,27.1392,26.1938,49.133300000000006,0.0049,3.9535000000000022
61.03830333333334,349.3066,295.6889,64.0446,30.3727,27.1729,26.2393,48.3524,0.0029,3.885340579710146
61.538315,349.8393,296.0153,64.0039,30.488,27.1953,26.2734,48.394450000000006,0.0045,3.9002898550724603
62.03914333333333,354.4572,300.3156,63.9625,30.4971,27.2295,26.3076,49.0045,0.0045,3.9233043478260856
62.54000333333333,351.2396,297.5404,63.9574,30.5633,27.252,26.3418,48.660399999999996,0.007,3.8912463768115955
63.038318333333336,347.8005,294.1954,63.958,30.6813,27.2744,26.376,48.91275,0.0045,3.8844275362318834
63.53914666666667,349.7982,296.0374,63.9545,30.8772,27.2969,26.3989,48.71205,0.0044,3.8957101449275373
64.03831,348.9531,295.3357,63.9262,30.9164,27.3311,26.4443,48.84665,0.0057,3.8853188405797123
64.54086833333334,349.2057,296.2945,63.9052,31.0008,27.3535,26.4785,49.08655,0.0022,3.834144927536228
65.03916666666666,347.0007,293.4749,63.9014,31.1801,27.3872,26.5127,48.6573,0.004,3.87868115942029
65.54164166666666,351.2148,297.7508,63.8668,31.2239,27.4102,26.5469,49.3177,0.006,3.8742028985507244
66.04082166666667,349.7746,296.0032,63.8457,31.2943,27.4326,26.5815,48.755250000000004,0.0037,3.896478260869567
66.54164833333333,346.5202,292.8978,63.8227,31.3813,27.4551,26.6157,48.368300000000005,0.0044,3.8856811594202876
67.04164333333333,348.9045,296.0401,63.797,31.483,27.4893,26.6499,49.159400000000005,0.0044,3.830753623188405
67.54247166666667,351.2468,298.5564,63.7633,31.5074,27.5117,26.6724,48.8442,0.0046,3.8181449275362325
68.04333333333334,351.7412,298.8996,63.7436,31.5987,27.5342,26.7065,48.634600000000006,0.0061,3.82910144927536
68.54331166666665,349.5109,296.7386,63.7248,31.7047,27.5679,26.7407,48.41674999999999,0.0051,3.8240797101449253
69.04413833333334,349.8789,297.3039,63.7068,31.8615,27.5908,26.7749,49.0097,0.004,3.809782608695651
69.54333666666666,353.3081,300.7733,63.7049,31.9506,27.6133,26.8091,48.2167,0.0064,3.8068695652173923
70.04331499999999,356.187,303.2553,63.7023,31.9418,27.6357,26.8433,48.9683,0.0103,3.835630434782611
70.54247833333334,345.4867,292.7378,63.6819,31.951,27.6694,26.8662,48.432050000000004,0.0034,3.8223840579710138
71.04496999999999,350.9122,298.2493,63.6737,32.1819,27.6924,26.9004,49.0571,0.0053,3.816152173913042
71.54415,350.6991,298.6165,63.6422,32.2027,27.7261,26.9346,48.45165,0.0061,3.774101449275363
72.04581,352.0278,299.4217,63.6236,32.3069,27.7598,26.9575,49.3391,0.0086,3.8120362318840595
72.54497333333333,344.9385,292.6568,63.5954,32.262,27.7715,26.9917,48.9033,0.0032,3.7885289855072464
73.04581666666667,350.6436,298.456,63.607,32.4563,27.8052,27.0259,48.1945,0.0062,3.7817101449275343
73.546645,350.5269,298.3159,63.6002,32.4915,27.8276,27.0488,48.8287,0.0076,3.78340579710145
74.04665666666666,354.9783,302.3436,63.6091,32.5969,27.8618,27.083,48.496449999999996,0.0108,3.8141086956521746
74.54748500000001,351.0837,298.8965,63.6025,32.5144,27.8843,27.1055,48.6303,0.0052,3.781681159420291
75.04581666666667,352.5625,290.2643,63.5949,32.237,27.9067,27.1396,48.5256,0.0032,4.51436231884058
75.548325,346.9197,287.9308,63.589,27.7935,27.9292,27.1626,48.7051,0.0022,4.2745579710144925
76.04915166666666,354.1618,298.4206,63.6178,27.9773,27.9634,27.1055,48.6833,0.0073,4.039217391304351
76.54665166666668,350.8393,295.3303,63.5624,29.3704,27.9971,26.9463,49.322100000000006,0.0047,4.022391304347823
77.04831,346.1051,288.8829,63.5389,30.0925,28.0308,26.855,48.75205,0.0022,4.146536231884057
77.547475,350.612,292.5582,63.5127,30.0306,28.0537,26.8662,48.29474999999999,0.0032,4.206797101449276
78.046655,350.8486,293.8236,63.5126,29.8526,28.0762,26.9121,48.7071,0.0044,4.132246376811592
78.54831333333333,345.2893,288.3742,63.4958,29.9821,28.1099,26.9687,48.6259,0.0022,4.124282608695656
79.04749333333332,350.9249,293.9283,63.4786,30.249,28.144,27.0259,48.8711,0.0024,4.130188405797101
79.55000166666667,353.2682,295.9986,63.4681,30.281,28.1665,27.0488,49.21865,0.0057,4.149971014492751
80.04915,346.5943,289.4676,63.442,30.284,28.189,27.0942,48.69485,0.002,4.139615942028983
80.55080833333334,350.8241,294.3166,63.404,30.466,28.2227,27.1284,48.8137,0.003,4.094746376811593
81.05163666666667,347.6266,290.6439,63.3881,30.6238,28.2339,27.1626,48.25575,0.0015,4.129181159420291
81.55081666666666,352.5485,296.1363,63.3761,30.7456,28.2568,27.208,48.9065,0.0049,4.087840579710144
82.05081166666668,352.1563,296.0037,63.3536,30.7552,28.2793,27.2427,49.0082,0.005,4.069028985507247
82.55165666666667,346.4011,290.1575,63.3391,30.8529,28.313,27.2769,48.37465,0.0033,4.075623188405794
83.05082,350.5724,294.5,63.3264,31.0121,28.3359,27.311,48.45885,0.0037,4.063217391304349
83.550815,348.7154,293.0418,63.3059,31.1166,28.3584,27.3564,48.5291,0.0039,4.034318840579707
84.05330666666667,350.4202,294.8003,63.3016,31.1328,28.3809,27.3794,49.1363,0.0061,4.030427536231886
84.55080666666666,351.4117,295.9312,63.2867,31.2479,28.4033,27.4136,48.431749999999994,0.0054,4.020326086956522
85.05081833333334,351.6584,296.2913,63.2701,31.3751,28.4263,27.4478,49.0691,0.0042,4.012108695652174
85.55332666666666,349.5726,294.2161,63.2466,31.4213,28.46,27.4819,48.571200000000005,0.0022,4.011340579710148
86.05415500000001,352.2227,296.9492,63.221,31.5318,28.4824,27.5161,49.14915,0.0052,4.005326086956519
86.553335,350.1155,294.7143,63.1988,31.6392,28.5049,27.5503,48.26265,0.0046,4.014579710144929
87.054145,353.8339,298.6338,63.1958,31.7356,28.5278,27.5845,48.45385,0.0062,4.000007246376813
87.55415833333333,350.1392,295.0372,63.1906,31.7707,28.5503,27.6187,48.63165,0.004,3.99289855072464
88.05501833333332,344.3326,289.061,63.1874,31.848,28.5728,27.6528,49.00275,0.0022,4.005188405797104
88.55583,347.442,291.9752,63.1783,32.0479,28.5952,27.6758,48.83835,0.0036,4.019333333333336
89.05580833333333,348.3483,293.0211,63.1473,32.0825,28.6182,27.71,48.865700000000004,0.0044,4.009217391304348
89.55498833333333,351.2426,296.1037,63.1287,32.08,28.6406,27.7441,48.882400000000004,0.0062,3.9955724637681143
90.05749666666667,347.5436,292.082,63.1034,32.123,28.6743,27.7666,48.65635,0.0058,4.018956521739133
90.55667666666666,352.5806,297.9233,63.0941,32.2575,28.6968,27.8008,48.3108,0.0057,3.9606739130434794
91.056655,354.3001,299.4057,63.0724,32.352,28.7197,27.835,48.81975,0.0075,3.977855072463765
91.55748333333332,345.1221,290.231,63.065,32.364,28.7422,27.8579,48.9774,0.0049,3.9776159420289847
92.05664666666667,351.9727,297.4993,63.0547,32.5298,28.7646,27.8921,48.60785,0.0065,3.947347826086954
92.55830666666667,350.6617,296.1586,63.0346,32.5209,28.7871,27.9263,48.58625,0.007,3.949500000000001
93.05747,349.5427,295.2992,63.0075,32.5629,28.8213,27.9492,48.783150000000006,0.0063,3.9306884057971043
93.55836333333333,351.3323,296.8999,62.9948,32.6721,28.8325,27.9722,48.41175,0.0059,3.944376811594201
94.05915833333333,353.1862,298.8018,62.9836,32.7085,28.8662,28.0063,49.11625,0.0086,3.9408985507246355
94.55913666666667,350.941,296.6808,62.983,32.743,28.8887,28.0405,48.54745,0.0077,3.9318985507246373
95.05833333333334,352.7288,298.0793,62.9528,32.7772,28.9116,28.063,48.91955,0.0053,3.9601086956521727
95.55831166666667,345.9338,291.2031,62.9463,32.9303,28.9341,28.0859,48.68645,0.0049,3.965992753623189
96.05915666666667,350.556,296.6021,62.947,33.1352,28.9565,28.1201,48.18765,0.0065,3.9097028985507225
96.55830333333333,351.8406,297.5974,62.9359,33.0459,28.9907,28.1431,48.7762,0.007,3.9306666666666668
97.059165,349.7844,295.5361,62.9213,33.0575,29.0132,28.1655,48.84865,0.0054,3.9310362318840597
97.55748,350.0551,296.7143,62.9036,33.1827,29.0356,28.1885,48.99315,0.0063,3.8652753623188403
98.05997166666666,349.724,295.3135,62.9033,33.2674,29.0581,28.2227,48.566,0.0073,3.9427898550724647
98.55915166666666,351.8464,298.9101,62.9031,33.2624,29.0811,28.2456,48.92015,0.007,3.835963768115943
99.06166,352.6933,299.2716,62.9012,33.2987,29.1035,28.2681,48.9238,0.0068,3.871137681159423
99.561655,347.7107,294.4776,62.898,33.4064,29.126,28.3027,49.09165,0.0047,3.8574710144927518
100.06248166666666,353.2922,299.6324,62.8729,33.497,29.1597,28.314,48.2536,0.0071,3.8883913043478233
100.56083,355.3665,297.3838,62.8507,33.4787,29.1826,28.3481,48.83655,0.0044,4.201644927536229
101.06332166666667,345.6579,280.0026,62.8483,31.3063,29.2051,28.3594,48.7734,0.0003,4.757630434782609
101.560805,346.129,286.6449,62.8491,28.6635,29.2275,28.3711,48.5459,0.001,4.310442028985508
102.06331333333333,351.8224,294.3106,62.8327,29.7214,29.2612,28.2681,48.495999999999995,0.0068,4.167521739130434
102.56166166666667,352.835,294.8771,62.8353,30.5208,29.2842,28.1431,48.2325,0.0042,4.199847826086956
103.06082500000001,351.5356,291.6459,62.8302,30.8707,29.3179,28.0747,48.9758,0.004,4.339833333333334
103.56331666666667,349.384,289.9431,62.8366,30.6466,29.3403,28.0747,48.527,0.0013,4.307311594202898
104.06331166666668,347.0169,288.4803,62.8031,30.6929,29.3516,28.1089,48.650499999999994,0.0013,4.241782608695654
104.56414,349.0182,290.5127,62.77,30.8514,29.3857,28.1655,48.84745,0.0038,4.239528985507245
105.06501666666666,349.0377,291.3041,62.7365,30.9344,29.4082,28.2114,48.396,0.0035,4.183594202898548
105.56414666666666,350.242,293.7096,62.7099,31.0424,29.4419,28.2339,48.5482,0.005,4.09655072463768
106.06414333333333,352.7028,295.3893,62.6712,30.9358,29.4648,28.2568,48.6987,0.0048,4.153152173913045
106.56498666666667,354.0658,297.9324,62.6646,31.0318,29.4873,28.291,49.053,0.0077,4.0676376811594235
107.065815,353.5618,297.799,62.6454,31.0773,29.5098,28.3252,48.337,0.0086,4.040782608695654
107.56581,347.9097,292.4027,62.6328,31.0397,29.5435,28.3481,48.8348,0.0055,4.022246376811594
108.06833499999999,348.8671,292.7185,62.6293,31.1253,29.5664,28.3823,48.52265,0.0047,4.068739130434781
108.565835,351.9415,295.6142,62.6287,31.2223,29.6113,28.4165,48.92805,0.0063,4.081688405797104
109.06664500000001,346.9338,289.1253,62.6222,31.3855,29.6455,28.4619,49.01995,0.0041,4.189021739130437
109.568305,350.3797,293.1304,62.5918,31.5222,29.6904,28.4961,48.650400000000005,0.0027,4.1485
110.06914833333333,352.8601,295.0966,62.5569,31.4601,29.7241,28.5303,48.47125,0.0052,4.185760869565215
110.56832833333333,352.5834,294.8086,62.5473,31.5704,29.7471,28.5762,49.1051,0.0029,4.186579710144925
111.06830833333333,346.8556,289.0702,62.5436,31.7468,29.7695,28.5986,48.90455,-0.0013,4.187347826086955
111.56916833333334,347.3217,289.4231,62.5388,31.9865,29.8032,28.6445,49.311350000000004,-0.0001,4.195550724637684
112.068315,352.0792,293.8447,62.532,32.0293,29.8257,28.6787,48.886449999999996,0.0019,4.219891304347827
112.56916,351.7748,293.7429,62.5179,32.0888,29.8374,28.7129,48.57725,0.0021,4.205210144927537
113.069155,351.9924,294.1807,62.5051,32.0718,29.8711,28.7471,48.768950000000004,0.0019,4.189253623188404
113.57,350.265,292.4312,62.4968,32.1721,29.8823,28.77,48.5344,0.0028,4.190855072463767
114.06918,352.0398,294.5102,62.4766,32.3083,29.8936,28.8042,48.40195,0.0032,4.168811594202899
114.57082333333332,351.5649,293.7254,62.4649,32.3687,29.916,28.8267,48.6261,0.002,4.191268115942032
115.07166666666667,350.3182,291.78,62.4198,32.5275,29.939,28.8608,48.42,0.0007,4.241898550724639
115.57082999999999,355.1775,297.6441,62.3923,32.5436,29.9614,28.895,48.76795,0.0025,4.169086956521741
116.06914499999999,346.6061,288.6826,62.3753,32.5228,29.9727,28.918,49.44555,0.0001,4.197355072463771
116.56997333333334,352.3816,295.0421,62.3475,32.7988,29.9839,28.9521,48.74865,0.0016,4.155036231884057
117.07085000000001,347.3322,289.6159,62.3516,32.782,30.0063,28.9751,48.43615,0.002,4.182340579710144
117.57167833333332,351.7642,295.2442,62.3375,32.9021,30.0176,29.0093,48.4201,0.0012,4.095652173913046
118.07167333333334,355.1772,297.7773,62.3237,32.8978,30.0293,29.0205,48.9529,0.0043,4.159413043478261
118.56917333333334,350.311,293.4966,62.3134,32.8995,30.0518,29.0547,48.276650000000004,-0.0001,4.116985507246375
119.07164833333333,345.3052,288.0039,62.3063,33.151,30.063,29.0776,48.3621,0.0016,4.1522681159420305
119.57166000000001,350.3071,293.0068,62.3035,33.2809,30.0742,29.1006,48.6175,0.0015,4.152195652173912
120.07247000000001,354.11,297.775,62.3066,33.2137,30.0967,29.123,48.93605,0.0064,4.082246376811597
120.57331500000001,349.8243,294.5219,62.2948,33.2152,30.1079,29.146,48.6368,0.0021,4.00742028985507
121.07331,349.8683,294.7391,62.3034,33.5458,30.1196,29.1689,49.3225,0.0052,3.994869565217389
121.57247333333333,352.497,297.0749,62.298,33.632,30.1309,29.1914,48.86535,0.0064,4.01609420289855
122.073335,339.8703,285.6138,62.2347,33.6133,30.1533,29.2031,48.62235,0.0026,3.9316304347826057
122.56832166666666,348.7813,294.7814,62.2353,33.6505,30.1758,29.2144,48.34885,0.0055,3.9130362318840555
123.074175,347.8971,292.7591,62.2668,33.6068,30.1758,29.2485,48.651250000000005,0.0043,3.995507246376814
123.57330499999999,346.9572,292.9137,62.2932,33.7003,30.21,29.2715,49.1027,0.0073,3.9161956521739123
124.074165,350.7551,297.6091,62.3169,33.6798,30.2324,29.2827,48.8891,0.0062,3.851159420289856
124.57580833333333,358.2321,303.4706,62.3603,33.6446,30.2437,29.3057,49.2607,0.0115,3.96822463768116
125.07497166666667,345.9308,291.8939,62.7027,33.6357,30.2773,29.3286,48.501599999999996,0.0078,3.915717391304348
125.57581666666667,352.6931,299.7078,63.0109,33.8532,30.3003,29.3511,49.12495,0.0094,3.8395144927536227
126.07582833333332,341.7621,288.6554,63.1189,33.7683,30.3115,29.3628,48.33765,0.0063,3.8483115942028974
126.57665666666666,351.3373,297.9919,63.2012,33.9166,30.3228,29.3853,48.79005,0.0072,3.8656086956521767
127.07580333333334,351.6036,297.5428,63.2026,33.8798,30.3564,29.397,48.768,0.0086,3.9174492753623165
127.57581499999999,355.004,300.3633,63.1891,34.0338,30.3901,29.4194,48.65485,0.0075,3.959471014492756
128.07666,347.0369,292.4128,63.1462,34.1197,30.4243,29.4424,49.025450000000006,0.0061,3.9582681159420288
128.57582333333332,348.3238,293.6729,63.1058,34.167,30.458,29.4653,48.33705,0.0039,3.9602101449275344
129.075835,353.5279,299.0876,63.0726,34.2533,30.4922,29.4878,48.88475,0.0061,3.944949275362317
129.57831,350.663,295.7692,63.0662,34.302,30.5259,29.522,48.843050000000005,0.0039,3.9778115942028984
130.07749,350.4454,295.3372,63.0644,34.4016,30.5483,29.5449,48.78345,0.0049,3.993347826086957
130.57663666666667,351.5569,296.133,63.0551,34.5102,30.5825,29.5679,48.485299999999995,0.0053,4.01622463768116
131.07664833333334,350.5577,295.2489,63.035,34.6313,30.605,29.5903,49.3123,0.0062,4.007884057971015
131.57581333333331,349.5153,295.4855,63.0489,34.6221,30.6274,29.6133,48.32185,0.0053,3.915202898550726
132.07664,352.5875,297.0823,63.0567,34.6229,30.6499,29.6362,49.1259,0.0064,4.022115942028986
132.57833333333332,351.4994,296.1156,63.0626,34.7167,30.6724,29.6592,48.40115,0.005,4.013318840579711
133.07748,347.0657,289.5084,63.0342,34.8368,30.6953,29.6704,48.8394,0.0018,4.1708188405797095
133.57664333333335,350.9233,281.0881,63.0275,34.3742,30.7065,29.6934,48.815799999999996,-0.0021,5.060521739130434
134.07916833333334,351.538,288.8515,63.0249,30.228,30.7178,29.7158,48.8003,0.0045,4.542500000000001
134.57914666666667,350.4831,289.8236,62.9967,30.6327,30.7402,29.6362,48.463899999999995,0.0021,4.395615942028984
135.07834333333332,350.812,290.2907,62.9813,31.4962,30.7515,29.4312,48.6565,0.0015,4.385601449275362
135.57830666666666,351.0041,289.192,62.9508,32.1946,30.7744,29.3057,48.87665,-0.0019,4.479137681159419
136.07918333333333,352.4454,289.9145,62.9224,32.2079,30.7856,29.2827,49.34875,0.0025,4.531224637681161
136.57831333333334,350.4825,287.9504,62.8965,32.1121,30.7969,29.3169,48.90805,-0.001,4.531311594202899
137.07915833333334,350.9594,288.4654,62.8647,32.2858,30.8081,29.374,48.794,0.0006,4.528550724637683
137.58081666666666,347.2628,286.0614,62.8111,32.4392,30.8193,29.4194,48.51390000000001,0.0006,4.434884057971017
138.07999833333332,348.7986,287.9703,62.7972,32.5187,30.8306,29.4536,49.309,0.002,4.407847826086957
138.57917833333335,348.5132,289.0349,62.813,32.5049,30.8306,29.4766,49.1624,0.0017,4.310021739130434
139.08163666666667,349.1665,289.0113,62.7928,32.5619,30.8418,29.4995,48.96535,0.0051,4.359072463768114
139.57830333333334,355.5284,296.9167,62.798,32.6731,30.8647,29.5337,48.43075,0.0048,4.247224637681158
140.08082833333336,351.6869,292.6818,62.7857,32.6409,30.8647,29.5679,49.060649999999995,0.0047,4.275731884057969
140.5808066666667,347.6963,288.9444,62.799,32.7511,30.8872,29.5903,48.689899999999994,0.0036,4.2573840579710165
141.08166833333334,349.8031,291.3186,62.7894,32.9166,30.8984,29.6362,48.27515,0.0052,4.238007246376809
141.58251166666665,348.2729,290.1268,62.7906,32.9219,30.9209,29.6704,48.71205,0.0047,4.213485507246376
142.08332333333334,353.5695,295.4961,62.7927,33.0157,30.9434,29.6934,48.24605,0.0073,4.2082173913043475
142.58163833333336,350.1299,292.1232,62.7645,32.9898,30.9663,29.7275,48.175650000000005,0.005,4.203384057971016
143.08414666666667,350.9045,293.7756,62.7429,33.1412,30.9888,29.75,48.65675,0.0081,4.139775362318839
143.58331,351.0544,293.9611,62.7359,33.1922,31.0,29.7729,49.09935,0.0079,4.137195652173912
144.08413666666667,351.592,294.9852,62.7284,33.2292,31.0112,29.8071,48.609449999999995,0.0104,4.101942028985505
144.58416666666665,346.985,291.8152,62.712,33.2228,31.0337,29.8301,48.6768,0.0051,3.997811594202899
145.08333,352.6444,298.4324,62.6973,33.2051,31.0566,29.8525,48.949799999999996,0.0113,3.9284057971014525
145.58580500000002,351.0055,296.1573,62.7111,33.1224,31.0791,29.8755,48.61295,0.0089,3.9745072463768087
146.08415333333332,350.7437,295.0795,62.7239,33.3024,31.1128,29.8984,49.07405,0.0087,4.033637681159419
146.58498,347.4934,292.163,62.7111,33.3958,31.1582,29.9326,48.2988,0.0026,4.009449275362319
147.085825,351.5733,293.8346,62.6844,33.4741,31.1919,29.9551,48.9307,0.0046,4.183963768115942
147.58665166666665,350.51,292.4579,62.6578,33.6517,31.2256,29.9893,48.819950000000006,0.005,4.206673913043478
148.08668,350.6842,292.2242,62.5982,33.7327,31.2485,30.0352,48.477599999999995,0.0043,4.236231884057969
148.58747499999998,348.0215,289.8046,62.5976,33.8074,31.271,30.0693,48.83115,0.0042,4.218615942028986
149.08830333333333,352.7647,295.3881,62.6098,33.9455,31.2935,30.1035,49.00385,0.0057,4.1577246376811585
149.58666666666667,351.7852,293.5504,62.6117,33.9793,31.3047,30.1265,48.73955,0.0047,4.2199130434782575
150.08914166666668,348.3833,290.0092,62.604,34.0232,31.3159,30.1489,48.63965,0.0034,4.230007246376811
150.58830666666665,349.6889,291.7362,62.5796,34.1245,31.3389,30.1831,48.9657,0.005,4.199471014492753
151.08831833333335,351.5142,293.4122,62.5746,34.1084,31.3501,30.2061,48.4614,0.0046,4.210289855072466
151.589145,350.0002,291.7686,62.5457,34.2566,31.3501,30.229,48.64505,0.0028,4.219681159420291
152.08999,351.8496,293.7817,62.5114,34.3908,31.3613,30.2632,48.49695,0.0032,4.20781884057971
152.58832166666667,351.1374,293.1351,62.4826,34.4118,31.3726,30.2856,48.759550000000004,0.0014,4.203065217391304
153.08916499999998,348.015,289.907,62.4658,34.5144,31.3726,30.3086,48.5486,0.0016,4.210724637681159
153.59164,349.341,292.3786,62.4604,34.5422,31.3838,30.3315,48.62245,0.0058,4.127710144927536
154.09080333333335,352.0303,296.1765,62.4516,34.4917,31.3838,30.3428,48.58895,0.0057,4.047376811594205
154.59083333333334,349.308,293.3417,62.4346,34.4634,31.4062,30.3545,48.7727,0.0059,4.055528985507245
155.09164333333334,351.2887,296.1656,62.444,34.5509,31.4062,30.377,48.53405,0.0045,3.9944275362318855
155.59080666666665,352.6463,297.4293,62.4394,34.6233,31.4292,30.3887,48.8634,0.0068,4.00123188405797
156.09165166666668,349.5112,294.5188,62.4322,34.6121,31.4404,30.4111,48.47195,0.0052,3.9849565217391283
156.59164666666666,350.0467,295.7039,62.4063,34.6705,31.4629,30.4341,48.6118,0.0034,3.937884057971015
157.09249166666666,349.9937,295.0876,62.3973,34.6903,31.4854,30.457,48.527550000000005,0.0064,3.978702898550723
157.59163833333332,351.6094,296.6414,62.4079,34.6616,31.4966,30.4795,48.1079,0.0065,3.9831884057971023
158.09331333333333,350.3601,296.1936,62.3956,34.7549,31.5195,30.4912,48.09115,0.0127,3.9251086956521726
158.59249499999999,350.5832,297.3157,62.3775,34.7349,31.5308,30.5137,48.70785,0.0078,3.8599637681159407
159.09332166666667,351.1605,297.1083,62.4026,34.7305,31.542,30.5137,48.72355,0.0068,3.9168260869565237
159.59165333333334,350.861,296.5935,62.4156,34.8362,31.5757,30.5479,48.915350000000004,0.0062,3.9324275362318826
160.09248166666666,349.9943,295.4169,62.392,34.8479,31.5981,30.5708,48.6739,0.009,3.954884057971015
160.591645,350.41,297.2995,62.3809,34.8237,31.6211,30.582,48.301,0.0055,3.848586956521739
161.09415333333334,350.0422,296.2328,62.3867,34.8319,31.6323,30.605,48.5784,0.0071,3.8992318840579694
161.59414833333332,351.3489,298.1407,62.3794,34.8876,31.6548,30.6162,48.5946,0.0087,3.855666666666669
162.09164833333335,349.6933,296.3372,62.3884,34.8084,31.6772,30.6392,49.0085,0.0085,3.866384057971016
162.59580333333332,348.2838,296.1197,62.3993,34.7845,31.6997,30.6504,48.85465,0.0084,3.7800072463768086
163.09581500000002,349.5271,297.3512,62.4448,34.8008,31.7227,30.6621,48.9683,0.0056,3.7808623188405805
163.59499499999998,351.5312,298.1188,62.4588,34.8762,31.7563,30.6733,49.042550000000006,0.0077,3.870463768115941
164.09584,352.3026,299.081,62.4675,34.8961,31.79,30.6963,48.53385,0.0084,3.856637681159418
164.59581833333334,348.4859,294.094,62.4629,34.9077,31.8242,30.7192,49.17855,0.0048,3.9414420289855085
165.09498166666665,344.6635,289.6445,62.4622,35.0461,31.8579,30.7534,48.6719,0.0028,3.9868840579710145
165.59747333333334,352.808,297.968,62.4115,35.1881,31.8804,30.7759,48.9107,0.0077,3.973913043478259
166.09665333333334,350.2349,294.6522,62.3667,35.0756,31.9033,30.7988,48.58015,0.0053,4.02773188405797
166.5967,348.8526,292.9075,62.3583,35.1646,31.937,30.8218,48.334950000000006,0.0053,4.053992753623186
167.09749333333332,350.5454,294.6932,62.3669,35.28,31.9482,30.8442,49.0321,0.0035,4.047260869565216
167.59832166666666,351.3478,295.7843,62.368,35.372,31.9595,30.856,48.76935,0.0037,4.026340579710147
168.09665333333334,348.5677,293.0922,62.3676,35.3194,31.9819,30.8784,48.412549999999996,0.0024,4.019963768115943
168.59748,351.8648,296.4067,62.376,35.355,31.9937,30.9014,48.6558,0.0023,4.018702898550725
169.09997166666665,350.8026,294.9431,62.4002,35.3725,31.9937,30.9243,48.3551,0.0036,4.047789855072462
169.59916833333332,352.0226,296.4095,62.3875,35.4667,32.0156,30.9468,49.04105,0.0045,4.029934782608698
170.09914833333332,350.9602,295.137,62.3381,35.4792,32.0273,30.9585,48.26655,0.0024,4.0451594202898535
170.599975,350.4595,294.5331,62.3074,35.5691,32.0381,30.9697,49.012299999999996,0.0029,4.05263768115942
171.10082,347.988,292.2636,62.2744,35.5935,32.0498,30.9927,48.397400000000005,0.0011,4.038
171.59915,352.1634,296.1657,62.2443,35.6196,32.0498,31.0151,48.59845,0.0045,4.057804347826087
172.10164166666667,350.1018,295.0732,62.2582,35.5872,32.0498,31.0269,49.073,0.0067,3.98757971014493
172.599175,350.3454,295.6469,62.2815,35.5733,32.0605,31.0381,48.9623,0.0055,3.9636594202898525
173.10085166666667,352.2615,298.195,62.3174,35.5933,32.0723,31.0498,48.367850000000004,0.0076,3.917862318840581
173.60332666666667,349.1361,295.2313,62.3201,35.5228,32.084,31.061,49.03315,0.0065,3.9061449275362334
174.10249000000002,350.1789,295.9793,62.3167,35.5697,32.1064,31.0723,48.61985,0.007,3.9275072463768095
174.60334999999998,349.8643,296.1968,62.3244,35.6508,32.1172,31.0952,48.16235,0.0054,3.88894927536232
175.10331333333335,351.3591,297.6531,62.3261,35.6427,32.1289,31.1064,48.8129,0.0067,3.8917391304347837
175.60415666666668,347.7037,293.5492,62.3138,35.6314,32.1396,31.1182,49.28945,0.0082,3.9242391304347852
176.10330333333334,350.2674,297.4658,62.3023,35.6381,32.1621,31.1406,49.06695,0.0064,3.826202898550725
176.60331666666667,348.9797,295.4386,62.3065,35.6121,32.1855,31.1523,48.58385,0.0057,3.8797898550724614
177.10415999999998,347.3251,294.945,62.3133,35.6101,32.1963,31.1748,49.27875,0.0066,3.795659420289857
177.60332333333332,350.3379,297.6869,62.3389,35.607,32.2187,31.1865,48.725300000000004,0.0061,3.8152898550724643
178.1041516666667,350.0729,297.5091,62.3717,35.5784,32.2412,31.1978,48.85295,0.0056,3.8089710144927547
178.60581,350.7409,297.7731,62.3403,35.5628,32.2637,31.209,48.42515,0.0064,3.8382463768115946
179.10499166666665,350.5248,298.0059,62.3279,35.6092,32.2871,31.2319,48.5013,0.007,3.80571739130435
179.604155,351.4629,298.1899,62.3075,35.6017,32.3096,31.2432,48.78495,0.0075,3.8603623188405773
180.10415,346.5242,293.7349,62.3072,35.6225,32.3203,31.2661,48.65545,0.0055,3.8253115942029003
180.60499333333334,351.6887,298.8433,62.3181,35.6587,32.3428,31.2891,48.51925,0.0083,3.8293768115942015
181.105905,353.0869,299.8336,62.3294,35.5571,32.3662,31.3003,48.76335,0.0113,3.858934782608697
181.60665,349.7322,296.8226,62.3346,35.5638,32.3887,31.3115,48.535650000000004,0.0079,3.834028985507243
182.10667833333335,351.1188,299.3557,62.3439,35.5891,32.4111,31.3345,48.8087,0.0086,3.7509492753623195
182.60747166666667,352.5548,300.3011,62.3534,35.4803,32.4336,31.3457,48.91825,0.0081,3.7864999999999984
183.10580333333334,351.4675,299.0342,62.3612,35.5412,32.4678,31.3574,48.5467,0.0061,3.7995144927536213
183.605,350.1858,296.3949,62.3667,35.5983,32.4902,31.3804,48.67915,0.0041,3.8978913043478234
184.107475,351.4196,295.39,62.3942,35.7639,32.5234,31.4028,48.58785,0.0029,4.060115942028986
184.606655,350.1944,293.3628,62.3588,35.8827,32.5576,31.4258,48.2164,0.0025,4.11823188405797
185.10665166666666,350.7156,292.6874,62.3723,36.0178,32.5801,31.46,48.5998,0.0016,4.204942028985505
185.60747833333335,350.0837,291.9787,62.3723,36.054,32.5801,31.4829,49.1332,0.001,4.210507246376813
186.10830666666666,349.1788,291.9818,62.3637,36.1413,32.5918,31.5054,48.81425,0.0014,4.1447101449275365
186.60831833333336,349.3904,292.9194,62.3457,36.1101,32.5918,31.5283,48.40915,0.0014,4.092101449275362
187.10916333333336,350.1094,295.3582,62.3498,36.027,32.5801,31.5283,48.65455,0.0045,3.9674782608695636
187.60998999999998,350.6583,296.2641,62.3521,35.9821,32.5801,31.5396,49.02160000000001,0.0072,3.9416086956521745
188.108305,346.8668,292.5575,62.385,35.941,32.5801,31.5513,48.69625,0.0049,3.935456521739131
188.60915000000003,347.8259,293.7722,62.3971,36.022,32.5918,31.5625,48.99275,0.0057,3.916934782608695
189.106665,349.9015,295.8126,62.3957,36.0448,32.6025,31.5737,48.09615,0.0073,3.919485507246378
189.61083833333333,350.726,296.1915,62.4015,36.0039,32.6143,31.5967,49.0205,0.0065,3.951775362318839
190.10917,348.0594,294.596,62.3906,35.9824,32.6367,31.6079,48.466,0.0056,3.8741594202898533
190.60999666666666,348.6683,294.6441,62.3654,35.9883,32.6484,31.6079,48.6494,0.0039,3.9147971014492757
191.11080833333332,352.7369,298.1525,62.3708,36.0059,32.6592,31.6309,49.23075,0.0064,3.955391304347827
191.60913833333333,349.8778,295.7149,62.3711,36.0357,32.6816,31.6538,48.628,0.0064,3.9248478260869546
192.10998333333333,347.6726,293.5941,62.38,36.0694,32.6934,31.665,48.290099999999995,0.0043,3.918731884057968
192.612475,354.5488,299.9324,62.3973,36.0423,32.7158,31.6763,49.1131,0.0077,3.9577101449275403
193.11163833333333,346.1567,293.0575,62.4076,35.9942,32.7383,31.688,49.381,0.0045,3.8477681159420287
193.61333166666665,350.7817,296.598,62.4006,36.0472,32.75,31.6992,48.8769,0.0073,3.926355072463767
194.11083,351.5932,297.8764,62.3978,36.0829,32.7725,31.7222,48.4897,0.007,3.892521739130437
194.61165833333334,349.2186,294.3366,62.4039,36.0092,32.7832,31.7222,49.1522,0.0027,3.9769565217391305
195.11165333333332,351.9591,296.8317,62.4007,36.1901,32.8057,31.7451,48.61405,0.0066,3.99473913043478
195.614145,346.3116,292.6958,62.3793,36.1882,32.8281,31.7676,48.3699,0.0058,3.8852028985507228
196.11330833333335,350.7754,296.1641,62.3688,36.0625,32.8398,31.7793,48.495000000000005,0.004,3.957340579710143
196.613305,350.7621,296.1666,62.3768,36.139,32.8516,31.7905,49.526700000000005,0.0059,3.9561956521739097
197.11581333333334,349.6502,295.0633,62.4018,36.1744,32.874,31.8018,49.10725,0.0057,3.9555724637681124
197.61332833333333,350.709,296.4393,62.4091,36.1815,32.8848,31.8135,49.1524,0.0037,3.932586956521739
198.11581999999999,350.7504,296.749,62.3902,36.1119,32.8965,31.8247,48.358599999999996,0.0112,3.913144927536231
198.615815,350.3754,299.119,62.3755,36.092,32.9072,31.8477,48.94345,0.0109,3.71423188405797
199.11666,351.0486,298.3782,62.3864,35.8546,32.9189,31.8589,48.1987,0.0029,3.816695652173915
199.61414333333332,351.0073,297.6751,62.4383,36.0345,32.9414,31.8701,48.75,0.0035,3.8646521739130435
200.1166683333333,347.8592,293.2338,62.4329,36.0976,32.9756,31.8818,49.14045,0.0028,3.9583623188405803
200.61832666666666,349.482,294.0507,62.4304,36.2735,32.998,31.9043,48.80265,0.0056,4.016760869565219
201.11749166666667,351.3149,296.3738,62.4446,36.2631,33.0088,31.9272,48.482200000000006,0.0043,3.981239130434783
201.61831833333332,351.9434,297.5384,62.4224,36.2041,33.0322,31.9502,48.5432,0.0042,3.942391304347824
202.11831333333333,349.0092,294.6861,62.4066,36.1112,33.043,31.9502,48.8584,0.0077,3.936456521739131
202.61747666666668,350.0339,295.3799,62.421,36.2,33.0547,31.9614,48.6618,0.0037,3.960434782608695
203.11665666666667,350.5895,296.1644,62.4305,36.2705,33.0654,31.9727,48.50935,0.0041,3.943847826086955
203.61831666666666,350.2131,296.3023,62.4333,36.2668,33.0771,31.9956,48.37525,0.0029,3.906579710144927
204.11916166666666,348.4246,293.7623,62.4377,36.2424,33.0879,32.0068,48.94825,0.0034,3.961036231884059
204.61998833333334,350.7793,297.5214,62.4383,36.3125,33.1104,32.0186,48.66525,0.0057,3.859268115942025
205.11915166666668,349.8385,295.98,62.4365,36.2442,33.1221,32.0293,48.629999999999995,0.0038,3.902789855072463
205.62081166666667,347.0709,295.6583,62.4193,36.2219,33.1338,32.041,48.674,0.0055,3.7255507246376807
206.12165666666667,352.0053,298.8371,62.4358,36.0151,33.1445,32.041,48.53075,0.0086,3.8527681159420255
206.62080333333333,349.2748,295.6787,62.4508,36.1359,33.167,32.0527,48.151349999999994,0.0053,3.883775362318843
207.11915166666668,353.2917,299.2907,62.4352,36.2305,33.1895,32.0752,48.705600000000004,0.0074,3.9131159420289836
207.62164333333334,350.9412,296.6592,62.4384,36.1466,33.2129,32.0869,48.632,0.0065,3.9334782608695638
208.12082333333333,347.0314,292.5121,62.4749,36.2629,33.2236,32.1094,49.143299999999996,0.0033,3.9506739130434814
208.62165000000002,350.0756,295.4587,62.4726,36.3625,33.2461,32.1211,48.5517,0.0052,3.9577463768115932
209.121645,352.6818,298.133,62.4491,36.363,33.2578,32.1436,48.5946,0.0076,3.9528115942029003
209.62082666666666,349.543,294.9369,62.4335,36.2927,33.2686,32.1553,48.89425,0.0055,3.9569637681159437
210.12163666666666,347.9038,292.5633,62.465,36.3291,33.2803,32.166,48.23025,0.0029,4.010181159420287
210.62332999999998,349.0786,294.8499,62.4787,36.3972,33.3027,32.1777,49.1222,0.0069,3.9296159420289856
211.12081333333333,351.6629,297.319,62.4854,36.3127,33.3027,32.1895,48.767799999999994,0.0061,3.937963768115939
211.62332166666664,348.2813,293.4615,62.4975,36.3524,33.3252,32.2002,48.210350000000005,0.0052,3.9724492753623175
212.12165166666668,350.5357,298.426,62.4958,36.3933,33.3369,32.2236,48.98745,0.0122,3.7760652173913063
212.62248,348.4563,299.0392,62.471,36.0883,33.3477,32.2344,48.18515,0.0105,3.580949275362319
213.12164333333334,351.8157,300.9816,62.4707,35.9313,33.3477,32.2236,48.27655,0.0093,3.6836304347826068
213.62415166666668,350.8797,299.0396,62.5369,35.9506,33.3701,32.2236,49.10735,0.008,3.756528985507247
214.12414666666666,349.1045,295.1843,62.5618,36.11,33.4043,32.2461,48.79925,0.0032,3.907260869565215
214.62331,349.54,295.1653,62.5628,36.3973,33.4492,32.2686,48.22225,0.0059,3.940195652173914
215.12332333333333,350.9975,297.4211,62.5221,36.2919,33.4717,32.3027,48.3628,0.0041,3.8823478260869546
215.62584833333332,351.0775,297.0531,62.5148,36.2168,33.4951,32.3145,48.62525,0.0039,3.9148115942028996
216.12501166666667,348.9415,293.9004,62.536,36.2436,33.5176,32.3262,48.18045,0.0044,3.9884855072463785
216.625805,351.6099,295.0593,62.5557,36.354,33.54,32.3486,48.982200000000006,0.0023,4.0978695652173895
217.1241366666667,353.399,295.3502,62.5568,36.475,33.5508,32.3604,49.02705,0.0005,4.206434782608698
217.62498166666668,350.5007,291.5687,62.5342,36.7525,33.5625,32.3945,48.310950000000005,0.0021,4.270434782608697
218.125825,347.2669,290.5573,62.52,36.7315,33.5732,32.417,48.4778,0.0033,4.109391304347827
218.62419,351.8723,296.435,62.5293,36.5763,33.5625,32.417,48.692949999999996,0.0068,4.017195652173912
219.12664833333335,350.2091,295.2942,62.5669,36.4297,33.5508,32.4287,48.417249999999996,0.0057,3.979340579710144
219.62581166666666,350.8803,296.6956,62.5802,36.4882,33.5508,32.417,48.141999999999996,0.0048,3.9264275362318815
220.12580833333334,347.0178,292.4262,62.5851,36.5003,33.5625,32.4287,48.6536,0.0034,3.9559130434782626
220.62833166666667,350.3342,296.9581,62.6063,36.5869,33.5732,32.4287,48.865849999999995,0.0064,3.867833333333334
221.12751333333333,350.0655,295.2946,62.6025,36.7076,33.585,32.4404,48.49705,0.007,3.968905797101448
221.62830666666665,349.6921,295.8516,62.5799,36.4688,33.5967,32.4512,48.5132,0.0055,3.901485507246374
222.12663833333332,349.2789,294.8157,62.5721,36.4262,33.6191,32.4629,48.5984,0.0031,3.9466086956521758
222.62751500000002,348.1893,295.0365,62.5591,36.5153,33.6191,32.4746,48.72855,0.0066,3.851652173913044
223.12664666666666,352.4436,298.759,62.5495,36.4522,33.6299,32.4854,48.338499999999996,0.0045,3.8901884057971006
223.62664166666667,351.5335,296.6894,62.5745,36.3949,33.6416,32.4854,48.09965,0.0054,3.9742101449275378
224.12916666666666,347.1575,292.1187,62.5831,36.4957,33.6641,32.5088,48.6323,0.004,3.9883188405797125
224.62831333333332,350.1436,296.424,62.5704,36.631,33.6748,32.5195,48.0489,0.0063,3.89272463768116
225.1291566666667,350.0757,297.0117,62.5662,36.3782,33.6865,32.5312,48.8628,0.0073,3.8452173913043453
225.62913666666665,352.5862,299.4215,62.5922,36.2868,33.6982,32.543,48.9503,0.0026,3.8525144927536257
226.12831666666668,349.9588,293.1724,62.621,36.3762,33.7207,32.543,48.645250000000004,0.0017,4.114956521739131
226.62915999999998,350.0169,293.6893,62.6349,36.74,33.7432,32.5654,48.9755,0.0041,4.081710144927538
227.12914,351.5125,297.8403,62.5867,36.6979,33.7656,32.5771,48.7607,0.008,3.889289855072462
227.62830333333335,350.7847,297.6496,62.5872,36.4565,33.7656,32.5879,48.31805,0.0074,3.8503695652173886
228.12916333333334,354.0475,300.6049,62.6347,36.2851,33.7656,32.5879,49.09195,0.0092,3.8726521739130453
228.62914333333336,349.9144,297.0426,62.6563,36.3046,33.7773,32.5996,48.6087,0.0089,3.831289855072464
229.13165166666667,349.3186,296.0994,62.6801,36.3698,33.7998,32.6113,48.264700000000005,0.0087,3.8564637681159417
229.630815,350.5009,297.4575,62.6997,36.462,33.833,32.6221,48.705,0.0057,3.8437246376811607
230.13081,349.4783,293.8113,62.714,36.4856,33.8447,32.6338,49.1282,0.0,4.033840579710143
230.633335,345.5907,286.6444,62.7127,36.7343,33.8789,32.6562,48.9208,-0.001,4.271471014492754
231.13248166666665,350.859,293.4403,62.65,37.0354,33.9014,32.6904,48.5058,0.0034,4.160775362318841
231.631645,349.527,293.4278,62.627,36.7613,33.9014,32.7139,48.88745,0.0039,4.065159420289855
232.13332166666666,349.5323,294.2584,62.6527,36.605,33.9014,32.7246,48.172700000000006,0.0042,4.00535507246377
232.63414833333334,349.6886,295.1654,62.675,36.5928,33.9014,32.7246,48.3994,0.0034,3.9509565217391325
233.13164833333335,349.7211,295.2513,62.6908,36.6326,33.9121,32.7246,49.1197,0.0058,3.947086956521736
233.63417333333334,351.131,296.67,62.6862,36.6465,33.9238,32.7363,48.3866,0.0055,3.9464492753623155
234.13247166666667,350.5122,296.1582,62.681,36.6675,33.9346,32.748,48.358450000000005,0.0092,3.938695652173912
234.63497999999998,350.5177,296.9747,62.7026,36.632,33.9463,32.7588,48.793549999999996,0.0078,3.879927536231884
235.13417666666666,350.6101,296.5571,62.7107,36.6047,33.957,32.7705,48.88455,0.006,3.9168840579710142
235.63582,346.2792,291.8132,62.7156,36.6226,33.957,32.7822,48.36695,0.0041,3.9468115942028987
236.13664666666668,352.6462,297.9526,62.7112,36.6832,33.9805,32.793,48.685649999999995,0.0076,3.963304347826087
236.63414666666668,349.9748,295.5611,62.7085,36.6276,33.9912,32.8164,48.83215,0.006,3.943021739130435
237.13582333333335,348.7512,294.4072,62.7177,36.6528,34.0137,32.8164,48.3287,0.0071,3.937971014492753
237.63497,347.7754,293.5167,62.6989,36.6452,34.0254,32.8271,49.23045,0.0059,3.931789855072462
238.13747833333335,350.6371,296.3774,62.6867,36.6529,34.0361,32.8271,48.846000000000004,0.0075,3.931862318840576
238.63665833333334,347.6159,292.7127,62.6862,36.6202,34.0479,32.8506,48.48525,0.007,3.97849275362319
239.13663666666667,349.4789,295.4008,62.7081,36.6414,34.0703,32.8613,49.01825,0.0065,3.918702898550725
239.63583333333332,351.8073,297.668,62.7249,36.5708,34.082,32.873,48.8686,0.0079,3.9231376811594196
240.13666166666664,350.1166,295.2548,62.752,36.6658,34.0928,32.8848,48.5664,0.0076,3.975492753623189
240.63833666666667,351.0334,296.3036,62.7473,36.6326,34.1152,32.8955,48.52415,0.008,3.9659275362318804
241.13914833333334,348.4386,293.5209,62.7238,36.6554,34.127,32.9072,48.150850000000005,0.0063,3.979543478260871
241.63831166666665,351.7901,297.1366,62.7238,36.6602,34.1494,32.9189,48.77395,0.0089,3.960398550724638
242.13914000000003,345.7073,289.9262,62.7262,36.7309,34.1611,32.9414,48.331900000000005,-0.0009,4.042108695652172
242.63915166666666,351.0378,293.2533,62.72,36.9672,34.1836,32.9531,48.464349999999996,0.0035,4.187282608695651
243.13998,348.9316,291.6874,62.7347,36.9933,34.1943,32.9756,48.957899999999995,0.0041,4.1481304347826065
243.63916,349.0259,293.4105,62.7481,36.9244,34.2061,32.9873,48.319900000000004,0.0067,4.030101449275359
244.14081833333333,346.6046,291.2486,62.766,36.8598,34.2061,32.998,48.27885,0.0049,4.011304347826086
244.64166333333333,349.1442,293.9394,62.7693,36.8819,34.2061,33.0098,48.2773,0.0074,4.0003478260869585
245.14081,352.0477,296.9291,62.7825,36.8194,34.2285,33.0215,49.076499999999996,0.0065,3.9941014492753633
245.640805,348.4545,293.7822,62.8016,36.788,34.2285,33.0215,49.00735,0.006,3.9617608695652176
246.139985,351.1224,295.8718,62.8014,36.8544,34.2402,33.0439,48.4302,0.0082,4.003666666666668
246.64081333333334,350.8128,296.1933,62.7798,36.8591,34.251,33.0439,48.8836,0.0086,3.9579347826086924
247.14164,350.1342,295.7062,62.7863,36.7838,34.2627,33.0557,48.56255,0.0079,3.9440579710144923
247.64331666666666,350.0259,295.245,62.7928,36.851,34.2734,33.0664,48.80135,0.0086,3.969630434782607
248.14248,349.7756,295.0354,62.7979,36.8662,34.2852,33.0781,48.725049999999996,0.008,3.9666811594202906
248.64330833333332,351.5625,296.6439,62.7865,36.8601,34.2959,33.0898,48.5549,0.009,3.9796086956521757
249.14332000000002,349.2396,294.6189,62.7765,36.86,34.3076,33.1016,48.5457,0.0086,3.9580217391304346
249.64416500000002,349.3081,293.9517,62.7796,36.8799,34.3184,33.1123,48.5895,0.0095,4.011333333333334
250.14166333333333,351.1818,296.6738,62.802,36.8989,34.3301,33.124,48.94925,0.0098,3.9498550724637664
250.6433066666667,353.8836,299.3012,62.8155,36.8789,34.3418,33.1357,48.1903,0.0121,3.9552463768115946
251.14416666666665,349.2982,294.2292,62.8531,36.8936,34.3525,33.1465,48.00085,0.0095,3.9905072463768128
251.64333166666665,350.1364,295.9061,62.8711,36.9128,34.375,33.1582,48.79415,0.0093,3.9297318840579707
252.14332666666667,349.2274,294.3072,62.8878,36.8603,34.3867,33.1699,48.3017,0.0089,3.979724637681157
252.64583499999998,347.9072,292.776,62.8749,36.8974,34.3975,33.1699,49.03035,0.0104,3.9950144927536213
253.14498166666667,350.3682,295.9259,62.8743,36.955,34.4092,33.1807,48.3829,0.0106,3.9450942028985496
253.644145,353.1956,298.2648,62.8634,36.9108,34.4316,33.2041,48.6186,0.013,3.9804927536231904
254.145805,347.3632,292.6067,62.8427,36.892,34.4316,33.2148,49.14405,0.0088,3.967862318840581
254.64664833333333,349.5812,294.5027,62.8221,36.9536,34.4434,33.2148,48.303250000000006,0.0102,3.9911956521739143
255.145845,350.8734,295.4773,62.8298,36.958,34.4541,33.2383,49.2304,0.011,4.014210144927535
255.645825,355.1393,300.402,62.8513,36.9125,34.4658,33.2383,48.5956,0.0119,3.966471014492754
256.1466516666667,351.5593,297.1576,62.8847,36.8544,34.4766,33.249,48.570750000000004,0.0108,3.9421521739130436
256.645815,348.9962,293.9545,62.872,36.92,34.499,33.2725,48.2916,0.0108,3.9885289855072457
257.1441466666667,346.2618,291.5579,62.897,36.9914,34.499,33.2725,48.742549999999994,0.0105,3.964050724637679
257.646655,350.233,295.1577,62.9202,37.006,34.5107,33.2832,48.693349999999995,0.0115,3.990963768115944
258.14581833333335,352.3382,297.6495,62.924,36.9584,34.5225,33.2949,48.8831,0.0108,3.9629492753623174
258.645815,352.2805,297.6742,62.9275,36.9438,34.5449,33.3066,48.65045,0.0132,3.9569782608695676
259.14664166666665,346.8067,291.9127,62.9396,36.9165,34.5449,33.3174,49.4255,0.0109,3.977826086956522
259.6458216666667,350.0539,295.768,62.9267,37.011,34.5557,33.3291,49.21635,0.0115,3.9337608695652193
260.14665,349.3313,294.6065,62.9226,37.0056,34.5781,33.3408,48.3174,0.0122,3.965565217391305
260.646645,348.7984,293.839,62.9033,37.0115,34.5898,33.3516,48.4217,0.0119,3.9825652173913055
261.14913666666666,349.4991,294.9149,62.9171,36.9739,34.5898,33.3633,49.156800000000004,0.0107,3.9553768115942036
261.64831666666663,350.7532,295.728,62.9091,36.9957,34.6006,33.3633,48.812,0.0131,3.987333333333332
262.14831166666664,351.0921,296.1436,62.9079,37.0389,34.624,33.375,48.069649999999996,0.014,3.9817753623188423
262.64747666666665,347.3731,292.5579,62.8907,36.9491,34.624,33.3857,48.1738,0.0116,3.9721159420289855
263.149985,349.2735,294.6897,62.8992,37.0321,34.6348,33.3975,48.680800000000005,0.0123,3.955347826086956
263.648315,352.3033,297.5638,62.8998,37.0156,34.6572,33.4092,48.60985,0.0138,3.966630434782606
264.1491433333333,348.1558,293.1165,62.9182,37.0102,34.6572,33.4199,48.592,0.0113,3.98835507246377
264.64830666666666,348.4834,292.8862,62.9322,37.0759,34.6689,33.4316,49.2238,0.0128,4.028782608695655
265.1491683333333,351.7221,296.7437,62.9401,37.0501,34.6797,33.4434,48.9936,0.0134,3.9839420289855085
265.65081,349.4125,294.1859,62.9242,36.995,34.6914,33.4434,48.5021,0.0124,4.001927536231885
266.14999,353.9708,298.9838,62.9298,37.0307,34.6914,33.4541,49.2195,0.0142,3.9845652173913058
266.64916999999997,350.8452,296.1964,62.9339,36.9778,34.7021,33.4658,48.7566,0.0144,3.9600579710144923
267.15083,350.9627,296.2466,62.9296,37.0723,34.7256,33.4883,48.6905,0.0128,3.9649347826086943
267.653305,350.5675,295.542,62.9422,37.0327,34.7363,33.5,49.38095,0.0137,3.9873550724637696
268.1525016666667,350.0403,295.0581,62.9546,37.0389,34.748,33.5117,48.57745,0.0123,3.984217391304346
268.65164833333336,347.9111,292.5674,62.9691,37.0337,34.7588,33.5117,48.5257,0.0114,4.010413043478257
269.1533083333333,349.3349,294.42,62.9863,37.0724,34.7588,33.5225,48.62935,0.0131,3.979340579710144
269.65247166666666,347.7767,292.6833,62.9798,37.0761,34.7812,33.5225,48.735150000000004,0.0123,3.9922753623188427
270.1516516666667,349.1361,294.1478,62.9606,37.1062,34.793,33.5459,49.15905,0.013,3.9846594202898533
270.6533116666667,350.1956,295.0131,62.9676,37.1156,34.8047,33.5566,48.7047,0.0147,3.998731884057971
271.15415666666667,352.4796,297.4457,62.9834,37.0658,34.8154,33.5566,49.04605,0.0141,3.987963768115943
271.65498333333335,350.5117,295.4329,62.9865,36.9654,34.8271,33.5801,48.389700000000005,0.0123,3.991217391304348
272.15414666666663,350.0371,294.7842,62.9987,37.0908,34.8379,33.5908,49.1176,0.0155,4.003833333333334
272.65414166666665,349.3294,294.3038,62.9785,37.081,34.8496,33.5908,48.334,0.0137,3.9873623188405793
273.15500333333335,350.1043,294.3393,62.9609,37.1564,34.8604,33.6025,48.50865,0.0143,4.04094202898551
273.65415,350.4287,295.3493,62.9432,37.1134,34.8604,33.6143,48.58685,0.0148,3.9912608695652145
274.15581000000003,351.4601,296.6563,62.9496,37.0478,34.8721,33.625,48.72045,0.0161,3.9712898550724653
274.6549733333333,349.3276,294.4328,62.9854,37.0244,34.8828,33.6367,48.14515,0.0146,3.9778840579710164
275.1541366666667,347.6921,293.1637,63.0297,37.1114,34.8945,33.6367,48.694900000000004,0.0129,3.9513333333333316
275.656645,350.2967,295.2918,63.0483,37.1671,34.9062,33.6484,48.306,0.0138,3.985862318840577
276.15664,349.1267,294.0998,63.0258,37.1331,34.917,33.6709,49.093450000000004,0.0149,3.987456521739131
276.6558366666667,350.0154,294.8781,63.0122,37.1035,34.9287,33.6826,49.02615,0.0164,3.995456521739129
277.1558166666666,348.5727,293.6255,63.0055,37.0882,34.9395,33.6826,48.7592,0.0143,3.9816811594202903
277.65830833333337,352.5144,297.4837,63.0037,37.1127,34.9619,33.6934,48.691100000000006,0.0163,3.9877318840579727
278.15582333333333,350.7344,295.8858,63.0006,37.0869,34.9619,33.7051,49.172250000000005,0.0155,3.974536231884056
278.65582,349.8289,294.5614,63.0021,37.0713,34.9736,33.7168,48.5141,0.0143,4.004891304347825
279.1566633333333,349.3532,294.5062,63.005,37.105,34.9844,33.7275,49.2255,0.0163,3.974420289855075
279.65749166666666,350.2291,295.4722,63.0052,37.1135,34.9961,33.7393,48.78075,0.0161,3.967891304347828
280.15840166666663,347.9707,292.5551,63.0055,37.1447,35.0078,33.7393,48.6767,0.0153,4.0156231884058
280.65831333333335,353.2496,298.0276,63.0002,37.1706,35.0078,33.751,49.0708,0.0156,4.001594202898549
281.15747833333336,349.8528,294.6672,63.038,37.0971,35.0186,33.7617,48.5826,0.0148,3.9989565217391316
281.658305,347.2285,292.3316,63.0509,37.1392,35.041,33.7734,49.2838,0.0154,3.978036231884059
282.15665333333334,348.5479,292.7613,63.0762,37.3462,35.041,33.7734,48.417199999999994,0.0151,4.042507246376813
282.6574983333333,351.9005,296.3112,63.1011,37.3041,35.0635,33.7852,48.81925,0.0158,4.028210144927539
283.15999,349.5462,293.8349,63.1035,37.1016,35.0869,33.7969,48.37155,0.0158,4.03705072463768
283.65917,350.3714,294.859,63.1065,37.1205,35.0869,33.7969,49.1844,0.0139,4.022637681159421
284.1608116666667,351.6515,295.9174,63.0997,37.1798,35.0977,33.8076,48.527,0.0146,4.038702898550725
284.65999166666666,348.3181,292.6599,63.0676,37.1517,35.1094,33.8193,49.387550000000005,0.0142,4.0332028985507264
285.15917333333334,350.5449,294.9261,63.0429,37.2204,35.1094,33.8311,48.3775,0.0152,4.030347826086953
285.6608316666667,348.9663,293.578,63.027,37.1666,35.1201,33.8418,48.8861,0.0152,4.013644927536233
286.15831499999996,351.3133,296.4627,63.02,37.2033,35.1318,33.8418,48.41175,0.0164,3.974681159420293
286.6608233333333,350.219,294.9936,63.0433,37.1677,35.1426,33.8652,49.012150000000005,0.0154,4.0018405797101435
287.16081833333334,347.3213,291.5455,63.0542,37.1757,35.1543,33.8652,48.24195,0.0137,4.04172463768116
287.6616466666666,349.7494,294.0981,63.0688,37.2602,35.165,33.876,48.685599999999994,0.0155,4.032702898550724
288.16081,352.8215,297.8107,63.0946,37.1687,35.1768,33.8877,48.9441,0.0173,3.986289855072465
288.66165333333333,352.4712,298.8684,63.0891,37.1952,35.1768,33.8994,48.4199,0.0131,3.8842608695652174
289.16165,341.0141,287.8594,63.1281,37.0044,35.1885,33.8994,48.8536,0.0057,3.8517898550724627
289.66420833333336,346.5964,292.2818,63.1279,37.1472,35.1992,33.9102,48.828450000000004,0.0074,3.9358405797101477
290.16164000000003,353.3676,298.3786,63.1176,37.0549,35.2217,33.9102,49.40455,0.0105,3.984710144927534
290.66165333333333,352.1551,297.2009,63.0805,37.0725,35.2334,33.9336,48.517849999999996,0.0089,3.9821884057971024
291.16248,350.7931,295.6985,63.1019,37.1569,35.2441,33.9443,49.463049999999996,0.0101,3.9923623188405766
291.66166,353.8246,298.7121,63.0971,37.1475,35.2559,33.9561,48.34055,0.0114,3.9936594202898514
292.16416833333335,353.7069,297.7545,63.117,37.0647,35.2783,33.9678,49.162549999999996,0.0108,4.054521739130435
292.6658116666667,350.3476,295.2427,63.1164,37.0784,35.2783,33.9678,48.5391,0.0092,3.9931086956521726
293.1633283333333,350.7073,294.8453,63.126,37.1711,35.3008,33.9902,48.78555,0.0097,4.0479710144927505
293.66413833333337,348.1367,291.8319,63.1468,37.1846,35.3125,34.002,48.852450000000005,0.0091,4.080057971014493
294.16414999999995,350.6393,294.8806,63.1412,37.2172,35.3232,34.0127,48.768,0.01,4.040485507246375
294.6666416666667,351.015,295.7054,63.144,37.2035,35.335,34.0244,48.544349999999994,0.0095,4.007942028985506
295.16582166666666,350.3749,294.7602,63.1582,37.2201,35.3457,34.0244,48.69029999999999,0.0105,4.030050724637683
295.66583499999996,350.1565,294.882,63.1534,37.1848,35.3574,34.0361,48.8474,0.0117,4.005398550724637
296.1666616666667,348.0417,293.0442,63.1522,37.1649,35.3691,34.0469,48.950149999999994,0.0099,3.9853260869565217
296.66754000000003,348.6263,293.1379,63.1614,37.2114,35.3799,34.0469,48.548950000000005,0.0083,4.020898550724638
297.1683333333333,350.4073,294.8965,63.1798,37.2208,35.3916,34.0586,48.955749999999995,0.0111,4.022521739130436
297.6666483333333,350.9762,295.0502,63.1682,37.2429,35.3916,34.0703,48.68005,0.0096,4.0526086956521725
298.16913999999997,350.2181,294.7076,63.1739,37.2059,35.4141,34.0811,49.0586,0.0103,4.022499999999998
298.66832,350.7738,295.7016,63.1572,37.2063,35.4141,34.0928,48.2492,0.0114,3.990739130434783
299.16914833333334,349.3181,293.3127,63.1373,37.2306,35.4365,34.1045,48.7483,0.0094,4.05836231884058
299.6674966666667,350.1952,294.6416,63.1521,37.2283,35.4365,34.1152,48.84305,0.0109,4.025623188405798
300.16830666666664,350.1275,294.7596,63.1482,37.2687,35.4473,34.127,48.210350000000005,0.0116,4.012166666666668
300.66832,350.8198,294.7873,63.1368,37.2607,35.459,34.1387,48.40505,0.012,4.060326086956519
301.17082666666664,347.81,292.0293,63.1497,37.2914,35.4707,34.1494,48.65665,0.0103,4.042079710144929
301.66997499999997,350.7031,295.1061,63.1629,37.3073,35.4814,34.1494,48.07315,0.0107,4.028768115942027
302.16830500000003,349.4332,294.1007,63.1694,37.2552,35.4814,34.1729,48.370400000000004,0.0084,4.009601449275361
302.67083,348.134,292.53,63.1745,37.226,35.4932,34.1729,49.057500000000005,0.0097,4.0292753623188435
303.17165833333337,350.4577,294.7536,63.1795,37.3736,35.5039,34.1836,48.65105,0.0102,4.036528985507245
303.670805,350.9434,295.2371,63.1807,37.2947,35.5156,34.1953,48.208299999999994,0.0135,4.0366884057971015
304.17085000000003,351.2197,295.5122,63.1744,37.2446,35.5264,34.1953,48.98905,0.0114,4.036775362318839
304.671645,347.7335,291.9073,63.1916,37.2214,35.5381,34.2178,49.06695,0.0106,4.045376811594201
305.17082500000004,351.0369,295.6261,63.1917,37.3234,35.5488,34.2178,48.3602,0.0116,4.01527536231884
305.67080333333337,350.5105,294.4746,63.2058,37.3118,35.5605,34.2295,49.1807,0.0122,4.060572463768113
306.16414333333336,348.8728,293.1398,63.2022,37.324,35.5723,34.2412,48.68675,0.0119,4.038623188405797
306.6708116666667,345.8358,289.7149,63.1932,37.2858,35.583,34.252,48.88515,0.0109,4.066731884057972
307.1733033333333,350.1894,294.7526,63.1894,37.3519,35.583,34.2637,48.328900000000004,0.0127,4.017159420289855
307.67165166666666,350.536,294.7941,63.1846,37.298,35.5947,34.2754,48.8064,0.0116,4.039268115942027
308.17416,350.4977,294.8734,63.2074,37.34,35.6055,34.2754,48.4407,0.0135,4.030746376811594
308.6716416666667,349.2669,294.1393,63.2224,37.338,35.6172,34.2861,49.0887,0.0121,3.9947536231884078
309.17415,350.9125,295.7892,63.2043,37.3886,35.6172,34.2979,48.78135,0.0136,3.994442028985509
309.67248166666667,349.2748,293.3008,63.2044,37.3488,35.6279,34.3096,48.1429,0.013,4.056086956521742
310.17331,349.1945,293.171,63.1713,37.3339,35.6396,34.3096,48.70215,0.0121,4.059673913043479
310.6733216666667,350.0918,294.1545,63.1946,37.3553,35.6514,34.3203,48.125699999999995,0.0128,4.053427536231883
311.1727016666666,349.203,294.1533,63.2082,37.3983,35.6514,34.332,49.06925,0.0122,3.9891086956521717
311.6749766666666,351.7935,296.9103,63.1807,37.3164,35.6621,34.3437,48.5394,0.0121,3.9770434782608683
312.1741733333334,344.2944,290.0531,63.2188,37.2237,35.6621,34.3437,48.15325,0.0085,3.930528985507248
312.67581666666666,335.0672,280.5847,63.1995,37.3164,35.6738,34.3437,48.3691,0.0022,3.9480072463768123
313.17498,344.3359,288.4215,63.1934,37.5118,35.6846,34.3545,48.9228,0.0084,4.0517681159420285
313.67582500000003,357.884,301.3282,63.1932,37.399,35.6963,34.3662,48.24615,0.0102,4.098246376811597
314.17580333333336,358.653,301.2484,63.2402,37.1543,35.6963,34.3779,48.62185,0.0106,4.159753623188407
314.67664666666667,355.2606,299.6923,63.2593,37.1495,35.707,34.3887,48.1209,0.011,4.026688405797103
315.177475,353.5782,297.6948,63.2536,37.1963,35.7295,34.4004,48.86725,0.0099,4.049521739130435
315.6758066666667,350.8815,294.9662,63.2495,37.2633,35.7412,34.4121,48.427099999999996,0.0092,4.051833333333334
316.1766833333333,349.9961,294.1757,63.2559,37.2925,35.7529,34.4229,49.1006,0.0089,4.044956521739131
316.67747833333334,350.1658,294.7821,63.2458,37.3294,35.7637,34.4229,48.79115,0.0101,4.0133115942028965
317.176675,349.5488,293.8683,63.2535,37.3256,35.7637,34.4346,48.9838,0.0087,4.034818840579714
317.6783183333334,349.74,294.4111,63.244,37.3609,35.7754,34.4346,48.723349999999996,0.0088,4.009340579710147
318.179145,350.153,294.4101,63.2614,37.3558,35.7979,34.4463,49.12265,0.0092,4.039340579710146
318.67664499999995,350.4411,294.5653,63.2852,37.3169,35.7979,34.457,48.6238,0.0083,4.048971014492755
319.1791366666667,350.1295,294.4152,63.3017,37.3506,35.8086,34.4687,48.77695,0.0096,4.037268115942028
319.67750166666667,349.7723,294.2488,63.3128,37.3642,35.8203,34.4805,48.811099999999996,0.0099,4.023442028985504
320.17834500000004,350.1324,294.4583,63.3245,37.3393,35.8311,34.4805,48.57115,0.0095,4.034355072463769
320.67914,350.9594,294.9877,63.3258,37.3782,35.8428,34.4922,48.9351,0.0099,4.055920289855072
321.180815,350.1608,294.3323,63.3226,37.3402,35.8545,34.5029,49.137,0.0079,4.04554347826087
321.6799966666667,349.9667,293.8679,63.3192,37.41,35.8652,34.5146,48.33295,0.0094,4.065130434782607
322.17914333333334,349.3581,293.1477,63.3391,37.375,35.877,34.5264,48.558099999999996,0.009,4.073217391304347
322.680835,349.707,293.9935,63.3385,37.4094,35.877,34.5371,49.206900000000005,0.0098,4.037210144927537
323.18,350.2812,294.6004,63.3469,37.4139,35.8994,34.5371,48.135,0.008,4.034840579710147
323.67914666666667,349.3451,293.2159,63.3401,37.4497,35.8994,34.5488,48.464749999999995,0.01,4.067333333333335
324.1808216666667,349.6953,294.0395,63.3341,37.4378,35.8994,34.5488,48.761849999999995,0.01,4.033028985507246
324.6799866666667,350.6894,294.6658,63.3349,37.4093,35.9102,34.5605,48.87145,0.0097,4.059681159420289
325.18083,350.1434,294.3348,63.3248,37.4456,35.9219,34.5713,48.76475,0.0095,4.044101449275363
325.68330499999996,349.1463,293.2011,63.3277,37.4306,35.9336,34.583,48.688900000000004,0.0099,4.053999999999999
326.18331666666666,349.1545,293.108,63.3399,37.4163,35.9443,34.583,48.64465,0.0095,4.061340579710143
326.6824966666666,349.4886,293.6843,63.3493,37.446,35.9561,34.5947,49.226600000000005,0.0109,4.043789855072465
327.18081166666667,349.2073,293.3189,63.3268,37.4773,35.9561,34.5947,48.3836,0.0106,4.049884057971013
327.68332,351.1147,295.5822,63.2929,37.4972,35.9561,34.6055,49.1652,0.0115,4.024094202898553
328.1841483333334,350.073,294.1517,63.2806,37.4452,35.9668,34.6172,48.939750000000004,0.0112,4.052268115942027
328.68336166666666,349.6402,294.3102,63.2857,37.4297,35.9785,34.6172,48.308099999999996,0.0106,4.009420289855071
329.18582,350.5373,294.8618,63.3068,37.4357,35.9785,34.6289,48.468199999999996,0.0108,4.034456521739131
329.68415166666665,351.0666,295.6455,63.3159,37.3956,35.9893,34.6289,48.920649999999995,0.0114,4.016021739130432
330.18499499999996,349.2725,293.9491,63.287,37.4182,36.001,34.6396,48.603,0.0118,4.008942028985507
330.6841416666667,349.9648,294.42,63.2739,37.4922,36.0117,34.6396,48.5287,0.0118,4.024985507246377
331.18666666666667,349.1446,292.7187,63.297,37.4768,36.0117,34.6631,48.2063,0.0113,4.088833333333334
331.68499833333334,350.0078,294.3991,63.3334,37.4364,36.0234,34.6631,48.2477,0.0117,4.029615942028985
332.18747333333334,350.2636,294.5808,63.3537,37.4207,36.0352,34.6738,48.5069,0.0116,4.034985507246375
332.6883183333333,350.2851,294.4387,63.3915,37.4378,36.0459,34.6855,48.90315,0.0133,4.046840579710146
333.1883133333333,350.923,295.3155,63.4109,37.485,36.0576,34.6855,48.251400000000004,0.011,4.029528985507247
333.68747666666667,350.2848,294.561,63.3988,37.4962,36.0684,34.6973,49.235150000000004,0.0101,4.037956521739133
334.18664,350.1482,293.8347,63.3836,37.5046,36.0684,34.708,49.4508,0.0112,4.080688405797099
334.68831666666665,350.1229,294.3093,63.3963,37.4511,36.0801,34.708,48.731849999999994,0.0123,4.044463768115943
335.18914333333333,348.8362,292.8128,63.4087,37.4451,36.0908,34.7197,48.4414,0.0124,4.059666666666669
335.688325,350.2366,294.311,63.4245,37.4466,36.1025,34.7314,48.598200000000006,0.0135,4.052579710144929
336.18832000000003,350.9719,295.3738,63.4206,37.4978,36.1133,34.7314,48.6326,0.0124,4.028847826086955
336.68753333333336,350.1077,294.8171,63.4282,37.5058,36.125,34.7422,48.998549999999994,0.0125,4.006565217391307
337.1900083333333,349.8527,294.2414,63.4229,37.492,36.125,34.7539,48.4982,0.0119,4.029804347826089
337.68998666666664,350.5422,294.8714,63.4015,37.5063,36.1367,34.7656,48.9688,0.0124,4.0341159420289845
338.190815,347.0444,291.0561,63.389,37.5232,36.1475,34.7656,48.999700000000004,0.0125,4.057123188405796
338.6899783333334,353.7641,297.5227,63.3847,37.5972,36.1592,34.7764,49.168350000000004,0.0136,4.075463768115942
339.190805,350.1185,294.0693,63.3817,37.4864,36.1699,34.7881,48.964150000000004,0.0126,4.061536231884057
339.690835,351.0717,294.6981,63.3687,37.5209,36.1699,34.7998,48.75915,0.0132,4.08504347826087
340.19331,350.0985,294.2292,63.3849,37.484,36.1816,34.7998,48.8087,0.0144,4.048500000000001
340.69249,350.2507,294.4654,63.3997,37.4655,36.1816,34.8105,48.234,0.0141,4.042413043478261
341.1916366666667,350.5818,294.7029,63.4315,37.5111,36.1924,34.8105,48.459649999999996,0.0159,4.049195652173912
341.69332833333334,348.9124,292.63,63.4394,37.5068,36.2041,34.8223,48.272149999999996,0.0141,4.078434782608695
342.19413999999995,351.0837,295.4863,63.453,37.5305,36.2158,34.834,48.53635,0.0143,4.028797101449275
342.69332,351.341,295.6468,63.4442,37.5029,36.2158,34.8447,48.3758,0.0152,4.0358115942029
343.19333166666667,350.1386,294.2012,63.4491,37.5206,36.2383,34.8447,49.067800000000005,0.0132,4.053434782608697
343.69414333333333,350.1142,294.4912,63.4373,37.545,36.2383,34.8564,48.7903,0.0147,4.030652173913043
344.1933066666667,349.9423,294.1494,63.4371,37.5185,36.2383,34.8682,48.4191,0.0142,4.04296376811594
344.6933183333333,348.2472,291.7214,63.4452,37.5457,36.2607,34.8682,48.96325,0.0135,4.096072463768116
345.19251499999996,350.6975,294.6047,63.4503,37.6387,36.2715,34.8682,48.43745,0.0133,4.0646956521739135
345.6933266666667,350.7185,294.7534,63.4517,37.6157,36.2832,34.8906,48.6225,0.0145,4.0554420289855075
346.19413833333334,350.4674,293.8759,63.444,37.5833,36.2832,34.8906,48.787,0.0143,4.100833333333333
346.6958133333334,349.9184,293.837,63.4321,37.5864,36.2939,34.9023,48.361450000000005,0.0143,4.063869565217393
347.19664166666666,350.5948,295.2784,63.4131,37.5272,36.2939,34.9131,48.856049999999996,0.0162,4.008434782608699
347.69415833333335,350.0857,294.1491,63.4158,37.5072,36.3057,34.9131,49.26665,0.0163,4.053376811594203
348.1941366666667,346.8261,290.9694,63.4173,37.5399,36.3174,34.9131,48.41865,0.0129,4.047586956521738
348.69498,352.1931,296.3549,63.4401,37.6166,36.3281,34.9248,49.157399999999996,0.0149,4.046246376811596
349.19580833333333,351.0186,294.8788,63.455,37.5222,36.3281,34.9365,48.71725,0.0158,4.06810144927536
349.69750166666665,350.0195,293.787,63.4883,37.5831,36.3398,34.9365,48.2172,0.0153,4.074818840579711
350.19664833333337,350.6538,294.9544,63.4912,37.6318,36.3506,34.959,48.335300000000004,0.0136,4.036188405797099
350.697475,348.6497,296.8334,63.4985,37.6447,36.3623,34.959,49.17100000000001,0.017,3.7548043478260875
351.19665499999996,347.7895,298.1835,63.5056,38.5613,36.3623,34.9707,48.20035,0.0183,3.5946376811594196
351.698315,349.3229,300.5275,63.4836,39.2886,36.373,34.9707,48.6881,0.0198,3.5358985507246397
352.1975116666666,349.0949,301.1788,63.4632,39.9276,36.3848,34.9707,48.99315,0.0202,3.4721811594202876
352.6983233333333,349.494,302.926,63.4508,40.4581,36.3848,34.959,48.393,0.0208,3.374492753623191
353.1966383333333,348.037,303.3306,63.4573,41.0917,36.3955,34.9473,48.6225,0.0223,3.2395942028985485
353.6974816666667,349.6539,306.1936,63.4598,41.7221,36.4072,34.9365,48.36685,0.0227,3.1492971014492763
354.19831,349.651,307.7273,63.4579,42.3634,36.4072,34.9365,48.14075,0.0248,3.0379492753623185
354.6991533333333,348.4195,307.5749,63.4521,42.985,36.4189,34.9248,48.7431,0.0262,2.9597536231884067
355.1991483333333,351.2423,311.1823,63.4822,43.533,36.4189,34.9248,48.2394,0.0263,2.902898550724638
355.6983133333333,350.5535,312.6182,63.5045,44.0084,36.4297,34.9248,48.900800000000004,0.0266,2.7489347826086945
356.1991566666667,350.7159,312.5353,63.5181,44.6323,36.4414,34.9131,49.157700000000006,0.026,2.7667101449275338
356.6991683333333,350.4531,311.5108,63.5367,44.9096,36.4414,34.9023,48.4658,0.0266,2.8219057971014485
357.19998000000004,349.65,309.0584,63.5558,44.7778,36.4521,34.8906,48.62425,0.027,2.94142028985507
357.69916,349.7864,309.3344,63.5828,44.3171,36.4521,34.8906,48.32335,0.0265,2.9313043478260865
358.20080333333334,350.448,309.4014,63.6146,44.2345,36.4639,34.8906,48.7492,0.0266,2.9743913043478227
358.7033116666667,350.3699,309.5655,63.674,44.0696,36.4746,34.8906,49.0173,0.0272,2.956840579710144
359.2008266666666,350.2293,309.4391,63.7135,44.0704,36.4863,34.9131,48.17245,0.0269,2.9558115942029004
359.703335,349.8545,308.4979,63.7494,44.1343,36.4863,34.9365,48.972750000000005,0.0248,2.996855072463765
360.20165,350.8355,307.7354,63.8058,43.9628,36.5088,34.9473,48.5145,0.0244,3.1231956521739126
360.70417499999996,354.5316,306.1738,63.8364,43.6926,36.5088,34.959,48.80085,0.0232,3.504188405797101
361.20165833333334,347.1182,303.4148,63.8556,43.5602,36.5205,34.9707,48.513000000000005,0.0231,3.1669130434782597
361.50830833333333,334.2359,291.5717,63.8733,43.3658,36.5205,34.9814,48.62045,0.0001,3.091608695652173
