stream,target,LOOCV_R2_linear_CF,LOOCV_R2_GPR
Draw out,TOC_mg_L,-2.071290176971927,-0.53401983718164
Feed in,TOC_mg_L,0.9787016602308247,0.5600105582374055
Feed out,TOC_mg_L,0.8927982299650756,0.4784272909011925
Draw out,TDS_mg_L,-2.252193266421051,-1.1963479314839245
Feed in,TDS_mg_L,0.9819645675198899,0.35018819082624286
Feed out,TDS_mg_L,0.8128128356291608,0.8597383030813193
Draw out,conductivity_uS_cm,-2.2592784628760567,-1.2185740147298145
Feed in,conductivity_uS_cm,0.9493725316372426,0.42334804756479516
Feed out,conductivity_uS_cm,0.7592508328937584,0.9487035174879019
